"Continent","N","Mean","SD","Median","IQR"
"Africa",553,28.984638159349,11.1476440519116,27.63249,11.7861019
"America",320,31.4611321125,7.09417211239943,30.693801,10.073207
"Asia",417,19.4387344474341,5.51940587033349,19.71428189,7.55344363
"Europe",458,15.2238914382882,4.3547698103636,14.259775,6.6887075
"Oceania",74,21.1195113147297,3.9745691800046,19.68256999,5.65938341
