"Human Development Groups","N","Mean","SD","Median","IQR"
"High",406,25.4346476776256,10.1813778191491,25.1,12.78576
"Low",356,26.3446888483146,9.47660606357742,26.382,11.4362
"Medium",418,27.4338350675359,11.3556000983578,26.38098943,13.46564001
"Very High",636,17.9540665304717,6.23141461586845,17.077,8.255485
NA,6,24.35,0,24.35,0
